key,cats,S1 ~ S2,S1 ~ S3,S1 ~ S4,S2 ~ S3,S2 ~ S4,S3 ~ S4
changeGreenCat,Gain,1,0.75,1,0.75,1,1
changeGreenCat,Loss,0.8888888888888888,0.85,0.7,0.8,0.6499999999999999,0.7
changeGreenCat,Stable,0.875,0.875,0.65,0.8660714285714286,0.6,0.75
changeTreeCat,Gain,1,0.5,1,0.5,1,1
changeTreeCat,Loss,0.9615384615384616,0.875,0.9285714285714286,0.75,0.9642857142857143,0.8928571428571428
changeTreeCat,Stable,0.9615384615384616,0.8,0.9285714285714286,0.7,0.9642857142857143,0.8571428571428572
